x,old_curve,finetuned_curve,kl_finetuned_curve,finetuned_q25,finetuned_q75,kl_finetuned_q25,kl_finetuned_q75
-3.3999999999999999,-0.59698208394994745,-0.19756180781334848,-0.50479901964252938,-2.1308227540779341,1.3313852633459393,-0.81609673122672688,-0.19723819741657883
-3.386372745490982,-0.60320791606089119,-0.21198922250987223,-0.51349891086997601,-2.1387742901960065,1.3262621950655387,-0.81932194904348798,-0.21492781170850511
-3.3727454909819641,-0.61434140817477578,-0.22497704054472101,-0.51953600121985666,-2.1468230076862835,1.318560219753544,-0.8179682318357967,-0.23417621248436316
-3.3591182364729462,-0.62136651299664214,-0.23616534294019342,-0.52941365133430174,-2.1549721508683852,1.3069576332938988,-0.82357602763809301,-0.24411073684077744
-3.3454909819639274,-0.62832660393402406,-0.24750405145269933,-0.53725839906387174,-2.1632127892093354,1.3113319511706392,-0.8280509062859831,-0.26127209363584336
-3.3318637274549094,-0.63755228043813472,-0.24976556239693729,-0.54970909483930597,-2.1732198374011675,1.3012477850106459,-0.82708670188570077,-0.28626492012488342
-3.3182364729458915,-0.64697162978289535,-0.24744627816530407,-0.55864355476301508,-2.1831783260447128,1.2959517947269745,-0.82435129135928797,-0.30618280824424682
-3.3046092184368736,-0.65166810479790194,-0.24432708307138257,-0.56578189962807857,-2.1874882451697579,1.2965339897111074,-0.82995272107464768,-0.3231670246070274
-3.2909819639278557,-0.65305983041855686,-0.25460979790835025,-0.57301196841724122,-2.1886716763210465,1.29347878244982,-0.83419602205007681,-0.34166628453715775
-3.2773547094188378,-0.65797149773173769,-0.26546374584063759,-0.58033961452379068,-2.1898288251861908,1.2887895752954512,-0.83664063709092318,-0.358244120127167
-3.2637274549098199,-0.66913497317224024,-0.27424056530350649,-0.59045769166051765,-2.1909590787257009,1.2811166711052888,-0.8385284741045903,-0.37980721303732479
-3.2501002004008015,-0.67597940652115862,-0.28304617067992943,-0.59793666439534054,-2.1930209074026172,1.2771084360332057,-0.84042696009068418,-0.39801112926684962
-3.2364729458917831,-0.67948058487681418,-0.28984849049918238,-0.60557543257200552,-2.2003443931665259,1.2711520141390102,-0.84370749826696478,-0.4239326321958285
-3.2228456913827652,-0.6832699761706541,-0.29867168666066291,-0.61416419959208746,-2.2134667532029302,1.269457852408399,-0.84420860880025228,-0.44625894112129605
-3.2092184368737473,-0.69101527309359345,-0.30575749680001829,-0.62711395104716439,-2.2263313678737169,1.259416259054577,-0.84677771361108733,-0.4687769332126
-3.1955911823647294,-0.69804048835264632,-0.31296530941001188,-0.63894977978660505,-2.2389339047253669,1.2542341495463987,-0.84913548184054444,-0.480650815599036
-3.1819639278557115,-0.70619612679325816,-0.32029060877294002,-0.64918950772962458,-2.2512705482830064,1.2490380162957202,-0.85006700252249612,-0.49849205495149373
-3.1683366733466931,-0.71467675481745774,-0.32772875084806907,-0.65933079550300033,-2.261935938438973,1.2428640588021573,-0.85242210180878397,-0.51598735928368089
-3.1547094188376752,-0.72086062581454069,-0.33527497540311879,-0.66700006962117375,-2.2682358412920403,1.2361087035467437,-0.84782000868719298,-0.53156908955536808
-3.1410821643286568,-0.72925515194864232,-0.34897224505437974,-0.67827780690067374,-2.2778910879932965,1.2330976782467813,-0.84821618321423309,-0.54824182890635331
-3.1274549098196389,-0.73796422938915684,-0.36471315693183703,-0.69475809050809068,-2.2929149716067574,1.2237302324663988,-0.85405080922304766,-0.56805782911506775
-3.113827655310621,-0.74441719415779017,-0.37717798677769115,-0.7082765122512924,-2.3068906095855128,1.2292172619731454,-0.85403315859971862,-0.58924389551016754
-3.1002004008016031,-0.7517941376492272,-0.38880796627350694,-0.72215188518480855,-2.3195475039154605,1.2128386200665775,-0.86156398298820769,-0.60486131408462795
-3.0865731462925852,-0.75984071307112888,-0.39939293796301067,-0.73531364680689348,-2.3299506558794203,1.2028302184333588,-0.86192500829333141,-0.61911651386229904
-3.0729458917835668,-0.766042450984043,-0.41074755218476344,-0.75201200592494644,-2.3393955620315481,1.1995443804983017,-0.86445355521270661,-0.63359777430968145
-3.0593186372745489,-0.77208231722717469,-0.42562043962452717,-0.75833907653082466,-2.3393158689183959,1.1964793523814679,-0.87069960030025295,-0.65415611065303292
-3.0456913827655314,-0.77885057650086242,-0.46206068512566423,-0.77024503825265112,-2.321183441300211,1.1934459613087549,-0.87655059179826511,-0.66876510272451639
-3.0320641282565131,-0.7855890046535563,-0.47954375704135188,-0.78459480364704792,-2.3061590741207132,1.1910032101230736,-0.88079130461202904,-0.68255203996686431
-3.0184368737474951,-0.7937019957346374,-0.49490443955622609,-0.7936783292278965,-2.3035361914146204,1.193845446393019,-0.88532542120695112,-0.69532478933181296
-3.0048096192384772,-0.80095521827230787,-0.49568005915071156,-0.80610430867377736,-2.3030041319482839,1.1975545851644989,-0.8890882772545825,-0.7037376028107305
-2.9911823647294589,-0.80814455711678224,-0.48858458187023179,-0.81804617331855489,-2.2867073643172215,1.2039819236474409,-0.89348963493464861,-0.70774615425678455
-2.9775551102204409,-0.81634344819124094,-0.48564607372207208,-0.82179188939232017,-2.2920858524932974,1.2070926126858212,-0.90226772817730605,-0.71910535048468627
-2.963927855711423,-0.82429019577746798,-0.50740235079632978,-0.83526746205840596,-2.2952049535876089,1.1978631737707637,-0.90965384761264656,-0.7303112477755439
-2.9503006012024051,-0.8311466965414398,-0.52014347313193743,-0.84825037185561891,-2.2981879692243585,1.1813936392302304,-0.91930689409979305,-0.74511808027494597
-2.9366733466933868,-0.8377744375511913,-0.52251095303319228,-0.86015194673454964,-2.3010176589265159,1.1759097419340896,-0.92816323026846836,-0.76200479686735889
-2.9230460921843688,-0.84308992855242104,-0.52188241706452121,-0.86811055450305452,-2.2999753023323399,1.1642439824213429,-0.93880683956362154,-0.7761849353071465
-2.9094188376753505,-0.84913380128703653,-0.51936051525690818,-0.87718310509553232,-2.3061458448753447,1.1540765142743745,-0.94374687820653336,-0.79040341448041351
-2.8957915831663326,-0.85668050888001268,-0.51688068419853306,-0.8853076153996462,-2.3055302528419572,1.152630324063024,-0.95317892606790444,-0.79887460749872519
-2.8821643286573146,-0.86368836555697726,-0.51458332908339133,-0.89557078963501802,-2.303284380178336,1.1516036901272724,-0.96340281684624951,-0.80590107258898935
-2.8685370741482967,-0.86948923680393064,-0.52330669369713212,-0.90531533170807654,-2.3008257057558943,1.1484101144384085,-0.97181980346054875,-0.81551354392401199
-2.8549098196392788,-0.87440325138177777,-0.53322567859192416,-0.91146751480449573,-2.2918185842035887,1.1442427041559118,-0.9810431641027072,-0.82203290688711206
-2.8412825651302609,-0.88070796497302406,-0.54252138926689031,-0.91486536226026816,-2.248452553495293,1.1366110181098437,-0.98915144006035405,-0.82846128015057208
-2.8276553106212425,-0.88738868552765604,-0.50734494077201397,-0.92408648081922595,-2.2012802061074002,1.1251190832899602,-0.99790045967189223,-0.83684451894319412
-2.8140280561122242,-0.89496007432447944,-0.50604640918438415,-0.9328995464256844,-2.1581155153708527,1.1128150987979284,-1.0050743657267083,-0.8438672499846176
-2.8004008016032063,-0.89972603530868511,-0.50495804545875023,-0.94267285291905889,-2.147165719683497,1.1005207746404781,-1.0115160810256867,-0.85628643194941856
-2.7867735470941883,-0.90542471421786508,-0.48847446632868219,-0.95181795572909711,-2.1361951513786686,1.0882731018918474,-1.0203467995197628,-0.86441618843904011
-2.7731462925851704,-0.91345541315284917,-0.49063196317044822,-0.96081275013463041,-2.1247506830180241,1.07492076091253,-1.0281819124324356,-0.87662391451308297
-2.7595190380761525,-0.92110530596133078,-0.4929312654405551,-0.96886379481095108,-2.1200223550327597,1.0606694143991617,-1.0347624641101105,-0.88754980344174506
-2.7458917835671346,-0.92922370352760164,-0.49598373523262967,-0.97856785191577322,-2.1238503346215172,1.0502258613711508,-1.0421225310055238,-0.89536686054607428
-2.7322645290581162,-0.93852085576054189,-0.49755896073608108,-0.98629417653323714,-2.1032142060201036,1.0428730412986253,-1.0535001249795184,-0.90265174291383365
-2.7186372745490979,-0.94447925574781899,-0.49987393616669784,-0.99314890332719297,-2.0906414221979071,1.0358078005015798,-1.0611945237629803,-0.90825297289962492
-2.70501002004008,-0.95128895756107967,-0.50218052143542102,-1.0002388814689329,-2.1046354597663819,1.0258129841060364,-1.0721725447066393,-0.91676538611672009
-2.691382765531062,-0.95858129472530318,-0.50363317648529149,-1.0074752211210376,-2.0995446637324751,1.0149056812323751,-1.0810039844813089,-0.92302902257728481
-2.6777555110220441,-0.96746381536428572,-0.50430068505683667,-1.0128439604817436,-2.0779739507785688,1.0022915697636798,-1.0858925645892277,-0.92915713804184175
-2.6641282565130262,-0.97471711129556893,-0.5053166897875192,-1.0175488842298761,-2.0801092423538603,0.98385308492244938,-1.0933167584611956,-0.93699439410104568
-2.6505010020040083,-0.98230752363885321,-0.50756087264421867,-1.0246841191176608,-2.0754377564187267,0.97753704589491131,-1.1015842033062677,-0.9436804361870299
-2.6368737474949899,-0.98819395717839398,-0.51786351210238279,-1.0348826988900994,-2.0452878029088559,0.97053317785838422,-1.111059498599593,-0.94997057637755078
-2.6232464929859716,-0.99438945414575763,-0.52306084216488102,-1.0403738988520677,-2.0264773957222486,0.95919591128650972,-1.1215662851004333,-0.96073025675764101
-2.6096192384769537,-0.99992686689402599,-0.52615563471859306,-1.0489686932863516,-2.0442244906140825,0.94943666771547108,-1.1301564940566082,-0.96670112453241963
-2.5959919839679357,-1.005868691798331,-0.52936535823196817,-1.0554727158443959,-2.0661714625560932,0.9293369871083077,-1.1356052895126498,-0.96944946284236833
-2.5823647294589178,-1.0123498275136829,-0.53299851208559579,-1.0614958837536732,-2.0714055043385202,0.93831065559084958,-1.1445970206298008,-0.97857668013532806
-2.5687374749498999,-1.0189256256113612,-0.55127704082101281,-1.0676685258268739,-2.0730574132563424,0.92261017087687647,-1.1554594069089572,-0.98874643934291484
-2.555110220440882,-1.0267572416830182,-0.57709442286971813,-1.0731259736593026,-2.0743920675303844,0.90149242024671428,-1.1638197223156372,-0.98890435684935429
-2.5414829659318636,-1.0343616030501948,-0.57624902225779762,-1.0774899827782496,-2.0902860890983925,0.88320820614852291,-1.1719519733348371,-0.9979580778019328
-2.5278557114228457,-1.0425010423066776,-0.57740739120279072,-1.0831004263991884,-2.1079429503963216,0.87448783366707017,-1.1755918201002089,-1.0017996219677072
-2.5142284569138273,-1.0496029590267495,-0.57647003413736275,-1.0898457384138482,-2.1074983261991367,0.86683784077292159,-1.1831564437515296,-1.0042896175163811
-2.5006012024048094,-1.0586428381690998,-0.57388443729258276,-1.0987772960733373,-2.1006720557228284,0.85940750012959466,-1.1897200411246318,-1.0098754498769298
-2.4869739478957915,-1.0660101365890369,-0.5717918046593562,-1.1045081462577855,-2.093284309208816,0.85220454566613468,-1.1974793144487546,-1.0152987402247686
-2.4733466933867736,-1.0738226583946222,-0.56947554190709315,-1.1104879150154678,-2.0707007504284674,0.84115630039168088,-1.2021662187855406,-1.0192452649848343
-2.4597194388777557,-1.0803242963974087,-0.56342055594352203,-1.1159893643303396,-2.0399037927092851,0.83674674078154065,-1.2097910417258544,-1.0251336539473082
-2.4460921843687373,-1.0873976522975703,-0.57105993253563325,-1.1208476150581059,-2.0323351678548152,0.82671466385664139,-1.217328183154339,-1.0332747870530796
-2.4324649298597194,-1.0953144647350315,-0.5659394059323547,-1.1282747234964434,-2.0243552213950959,0.81523307667586753,-1.2254407552305762,-1.0370721430828422
-2.418837675350701,-1.1026472737853941,-0.56921285735626392,-1.1340235342048413,-2.0159612137105278,0.8061220998019315,-1.2333328961468966,-1.0404717217061685
-2.4052104208416831,-1.1096643131203883,-0.56138499688471311,-1.1398325288776003,-2.0124650289600257,0.80265839132481132,-1.2415324122285156,-1.0498839878479578
-2.3915831663326652,-1.116118589412566,-0.5582529015522375,-1.1453462185715351,-2.0124312700568097,0.77850265144324315,-1.2461614084177031,-1.0533859054339345
-2.3779559118236473,-1.1231841751336975,-0.55924442402103836,-1.1495481308147062,-2.0063636346042832,0.76440222676894198,-1.2556325046408241,-1.0616023805905441
-2.3643286573146289,-1.1305274839691286,-0.56016533518788247,-1.1553843887064983,-2.0165004736783612,0.7618101529781468,-1.2624410922837683,-1.0650155451643706
-2.3507014028056115,-1.1383511248154903,-0.56491253996986668,-1.1605671618130402,-2.023842764505857,0.75718078538994249,-1.2670612570138868,-1.0666346646043547
-2.3370741482965935,-1.1460530023764339,-0.56287211301391316,-1.1646778098635755,-2.0298315277575476,0.74283375490100712,-1.2728055064219725,-1.0696094941511478
-2.3234468937875756,-1.1531817235290929,-0.56226787191073668,-1.1712530636681691,-2.0355704623218482,0.73894955311809174,-1.2735707922394233,-1.076236739326667
-2.3098196392785573,-1.1575808583579725,-0.5669377238860841,-1.1777300700139963,-2.0344241048160794,0.72842719582478765,-1.276208162867869,-1.0825366114153945
-2.2961923847695394,-1.1628355778365842,-0.57041549927860835,-1.1824830751772784,-2.0314924148412157,0.71533373693441771,-1.2807670061996794,-1.0812798892552558
-2.282565130260521,-1.168999894840784,-0.57786495409382166,-1.1872204641998627,-2.023133609043859,0.70203872831985636,-1.2861288842507999,-1.0888697243012522
-2.2689378757515031,-1.1773011726130425,-0.57328861539682041,-1.1896923674476247,-2.0103912479389079,0.69708751677397629,-1.2913398783077317,-1.096208607647438
-2.2553106212424852,-1.1819753604271011,-0.55865055419728338,-1.1931405573074998,-1.9890134346693293,0.7077217462400256,-1.294033288631121,-1.0979576441131003
-2.2416833667334672,-1.1859951952128913,-0.54695801533120658,-1.1987817943323966,-1.9651681482910184,0.70606924775186197,-1.302566781420756,-1.0969778403377832
-2.2280561122244493,-1.1916193589756996,-0.55114927187793072,-1.1987463848610864,-1.9366463672687777,0.70694213185675148,-1.306161075891271,-1.0990268486699832
-2.214428857715431,-1.1980326935518801,-0.54318379924074212,-1.2011468247789321,-1.9380659866709089,0.69914440621421625,-1.3099441893495318,-1.1061927749445317
-2.200801603206413,-1.2052085938564323,-0.54070706974602956,-1.2003386293654459,-1.9450307442851129,0.68382806032859245,-1.3111651391018253,-1.1084189372773128
-2.1871743486973947,-1.208333062024046,-0.53848454297241222,-1.2000501569761233,-1.9516747853554599,0.65958794195600556,-1.314314955440202,-1.10971903421202
-2.1735470941883768,-1.2117248653349064,-0.5464072015814978,-1.2000435473304112,-1.9545256370128101,0.63322812830463704,-1.312965022598473,-1.1107963174795221
-2.1599198396793589,-1.2136577678713427,-0.54358788245331047,-1.2010930319627013,-1.955115296251849,0.60699053224150767,-1.3128480378423408,-1.1112442272781311
-2.1462925851703409,-1.2142354703276927,-0.57312796468276472,-1.1998728991455578,-1.9591831791913632,0.59435957608612699,-1.3153868447284129,-1.1164051110480115
-2.132665330661323,-1.2132853808999975,-0.58301279111156923,-1.2015299237473114,-1.9709260487212203,0.60798513668341481,-1.3150049381401474,-1.1160577549503077
-2.1190380761523051,-1.2159220112922271,-0.57167505645249284,-1.2049007876359781,-1.9749016249996432,0.64646168198625054,-1.3160609122435967,-1.1152040397753242
-2.1054108216432863,-1.2171908415898645,-0.56098283776181623,-1.2051527304495098,-1.9749306968637934,0.67042524178413965,-1.3179107582273211,-1.1141562637797815
-2.0917835671342684,-1.218755284799325,-0.55721724138626272,-1.2066512402490006,-1.9613993359583437,0.66643458381324094,-1.3169390264677407,-1.1166960796953171
-2.0781563126252505,-1.2195439907695496,-0.55114350260741052,-1.2065744588870988,-1.954272539021737,0.67194683722132242,-1.3184502209479159,-1.1176182779568162
-2.0645290581162326,-1.2169243962061609,-0.54438083334025011,-1.2058904360281542,-1.957646631380362,0.67930884191572161,-1.3243021598529838,-1.1156436363214937
-2.0509018036072146,-1.2173305945290962,-0.53689234475908809,-1.2029504582078663,-1.9565015459579977,0.70718883667431864,-1.3284532401587281,-1.1174412389017534
-2.0372745490981967,-1.2190341791320516,-0.52863668156693233,-1.2026160166103192,-1.9459289026172022,0.70792240778410354,-1.3229475956102119,-1.1175010144349649
-2.0236472945891788,-1.2207135073597908,-0.51956786746196859,-1.1996760363455161,-1.9686337178902997,0.71035800266196358,-1.3165383354892555,-1.1174740369363994
-2.01002004008016,-1.2206199842331369,-0.52208468974275446,-1.2008463767473849,-1.9561678200373025,0.70506979049496721,-1.3164579986414953,-1.1142980144968142
-1.9963927855711423,-1.2191691789320682,-0.52507474415857358,-1.1960091503853647,-1.9396775344900385,0.70356487299349157,-1.311115096737991,-1.1097321190084226
-1.9827655310621242,-1.2191665828827909,-0.50207915787545798,-1.1976301984733473,-1.9405931280648134,0.69947463181372238,-1.3025133967475568,-1.1071429885634663
-1.9691382765531062,-1.2152472441405138,-0.47723798921509475,-1.1957934944044721,-1.953847798120385,0.70524105416053484,-1.2980879774424352,-1.1008726499457504
-1.9555110220440883,-1.2115966489081313,-0.47829494587552779,-1.190642622067696,-1.9643502329233324,0.70069682837827485,-1.2949075600769682,-1.094609771637167
-1.9418837675350704,-1.2066860629851881,-0.46205666363135778,-1.1858989149145427,-1.9665629881594415,0.68695632741754686,-1.2884042267627014,-1.0903648820655603
-1.9282565130260523,-1.2014746497965159,-0.45528479215623979,-1.182376117053298,-1.9658030851221779,0.6950889193731995,-1.284266471377391,-1.0856743446418877
-1.9146292585170339,-1.1994292815137322,-0.47594314335950416,-1.1754319531997912,-1.9531108014747871,0.68972137150622248,-1.2810684351395376,-1.0812149936460531
-1.901002004008016,-1.195797252557198,-0.47924394214759269,-1.170861251737513,-1.9486241487266698,0.68268066000333549,-1.2728340350839655,-1.0723317134774819
-1.8873747494989981,-1.191073310275248,-0.47375409839601801,-1.1651658712547253,-1.9725922302762744,0.67517090425253623,-1.2674833849893856,-1.067265219827418
-1.8737474949899799,-1.1827617287101255,-0.45947531074613585,-1.1616825350110356,-1.9619587018835056,0.67075130981368969,-1.2597929789525824,-1.0583623783356388
-1.860120240480962,-1.1749375325814913,-0.45349568754972247,-1.1539850430800738,-1.9369678143927174,0.66777184531225742,-1.2532153406443258,-1.0525633553817517
-1.8464929859719441,-1.1694963404366638,-0.44359760358183031,-1.1459170757662998,-1.9349256040284568,0.65304102447692913,-1.2389584089396826,-1.043388318456822
-1.8328657314629255,-1.1594703177028163,-0.43387106450191137,-1.1342514665885666,-1.9233510374540661,0.64531708959474676,-1.22324349488525,-1.0338923472044319
-1.8192384769539076,-1.1502914012983512,-0.4070061078323346,-1.1209331174942103,-1.9069777760136906,0.66661867631501293,-1.2135312206599984,-1.0210267723039248
-1.8056112224448897,-1.1391038982802302,-0.40266918320647072,-1.1115064494723499,-1.9032432033608071,0.6937812471231759,-1.199448334106231,-1.0128172671179823
-1.7919839679358718,-1.1308375275317473,-0.40430256646936497,-1.1006672006294664,-1.8917957587824503,0.70566643581094535,-1.1878595085963854,-1.0017176653618043
-1.7783567134268536,-1.1168249661027365,-0.41628330371643663,-1.082891230653706,-1.8852663830676935,0.71455481607490468,-1.1782943851574554,-0.99138450386491117
-1.7647294589178357,-1.102986145978881,-0.44509921619603027,-1.06967626909772,-1.8893064495272325,0.72395180129064307,-1.1651319848920232,-0.98264572247797499
-1.7511022044088178,-1.0896458914125362,-0.43583131194308278,-1.0560605198552058,-1.8883659338804366,0.72964169140824386,-1.1567111859107257,-0.97142668018309963
-1.7374749498997994,-1.0762879818482998,-0.41369477572131852,-1.0433991767215498,-1.8849603100831311,0.76126854013843215,-1.1499844818782574,-0.95827017841460727
-1.7238476953907813,-1.0623684753808535,-0.40344038381175018,-1.0302204751457951,-1.8794562687394052,0.73473275960030571,-1.1358517995217268,-0.94840460024089313
-1.7102204408817634,-1.0465442076662905,-0.40867944607208895,-1.0189501045354379,-1.8764852938371968,0.71363614906931527,-1.1201356495009243,-0.9295036104771125
-1.6965931863727455,-1.027766887582942,-0.41191545555976916,-1.0008280228859767,-1.8692738586623427,0.71981554364011635,-1.1016849698356048,-0.9173009828800307
-1.6829659318637276,-1.0099814123580959,-0.39889003670140932,-0.9865061599913274,-1.8618032714880837,0.75850817410318938,-1.085627687150853,-0.89996889071933905
-1.6693386773547094,-0.99265616543913149,-0.40774490416140152,-0.97151864033012258,-1.8491534777035996,0.77682145905892863,-1.0632478878968419,-0.88588699338567012
-1.6557114228456915,-0.97353777760702087,-0.3944697292404542,-0.95989979122950952,-1.8410488534302005,0.76822481503218076,-1.0434190457483639,-0.87045193769911688
-1.6420841683366736,-0.95361756383134777,-0.35631442097988569,-0.93888189160922642,-1.8292423792603123,0.77180227719401606,-1.02594597079261,-0.85904232222386123
-1.6284569138276555,-0.9284864506517011,-0.35077181291813075,-0.92074969478271385,-1.8233929731966196,0.76506533675552946,-1.0038581876967636,-0.84153197903526422
-1.6148296593186375,-0.90299947576045536,-0.3157584982589986,-0.9055712348658832,-1.8200615522028667,0.76759881064472357,-0.98680590302612137,-0.82087917608126781
-1.6012024048096196,-0.88311628962581235,-0.2930132324307696,-0.88719288527714768,-1.8234448277391255,0.77655074800313251,-0.96719828245848216,-0.79792657234837328
-1.5875751503006017,-0.85854970102847372,-0.29165555507705793,-0.87083711183078116,-1.8251526156989855,0.79135429006080704,-0.95025299081089776,-0.77802758319922427
-1.5739478957915836,-0.83395180338597907,-0.29709008286065836,-0.85506761057308234,-1.8050325783815073,0.79076809476203969,-0.93310672715326115,-0.75662344316093555
-1.5603206412825652,-0.8074058282101797,-0.30802765471859672,-0.83496429899224189,-1.7836145965262262,0.80296863759050607,-0.91788070243501085,-0.73992881662940402
-1.5466933867735473,-0.7817073269688346,-0.27963591024138568,-0.81961949677378565,-1.7628083700550257,0.83062589220755301,-0.90019028808672397,-0.72049706917688072
-1.5330661322645294,-0.7593996254521076,-0.30194355253664723,-0.79353221684298147,-1.7595439917740379,0.84679621446641828,-0.87866205214163051,-0.7015591973686488
-1.5194388777555112,-0.73444022005508247,-0.3112599993840568,-0.77432097623622931,-1.7580808713084921,0.84852198276732271,-0.86832281636887787,-0.67806036967303063
-1.5058116232464933,-0.70694937702630811,-0.31899149138809157,-0.75194258083144327,-1.7457860292847216,0.84999216488291063,-0.84471022171827637,-0.66429868163655725
-1.4921843687374754,-0.68092818512270914,-0.32515354890617143,-0.73083630074274319,-1.7268431581425696,0.84309319750325884,-0.82174108375738775,-0.64082984874733206
-1.478557114228457,-0.65176599448879657,-0.33249409639123906,-0.70515691118633472,-1.7086538415498627,0.86238502069462875,-0.80177418619329832,-0.61254711988022259
-1.4649298597194389,-0.62304400039902141,-0.28489229080958955,-0.68558935145375277,-1.6957154641209817,0.83723128914918732,-0.78643658105319403,-0.59536543036830225
-1.451302605210421,-0.59839791004720067,-0.26295496954946562,-0.66645770669771376,-1.6941072796480572,0.82863454915560919,-0.76211811528070328,-0.56688826445711926
-1.4376753507014031,-0.57135089722723165,-0.27877925331316644,-0.64440509752721975,-1.7082146024615015,0.87804920825166333,-0.74007145921690398,-0.54416202016467419
-1.4240480961923849,-0.54655481317152776,-0.29299082685896127,-0.61250362754437226,-1.718062634231555,0.87726302094725173,-0.72170398936148761,-0.5121406184857622
-1.410420841683367,-0.52181148091964435,-0.30629772638064384,-0.58824705182383163,-1.7122129288761134,0.88045320022067952,-0.69976320544300097,-0.47952282333183449
-1.3967935871743491,-0.49623115717071947,-0.27621762193955873,-0.56645743972931439,-1.6892672447252708,0.89710855586321037,-0.67304315725924779,-0.45011934553598287
-1.3831663326653307,-0.47388941934242745,-0.27712511949679886,-0.54427985685731239,-1.6708154102346531,0.92578061774391152,-0.65507975037748634,-0.41344401760993943
-1.3695390781563126,-0.44975197927616101,-0.26711692653930186,-0.52357994327886237,-1.6640723546049072,0.9200215899111972,-0.6416131003295622,-0.39078813000465673
-1.3559118236472947,-0.42898149207025948,-0.244054021477596,-0.5039935378217073,-1.6433567291964217,0.93592022878436731,-0.62556299734067278,-0.36133401622757733
-1.3422845691382768,-0.40692885504475179,-0.26974682866917132,-0.48406825383646934,-1.6129515597948445,0.95299160403167782,-0.61047776597682946,-0.33607161781144623
-1.3286573146292588,-0.38420014984746376,-0.25331287467287883,-0.46585232217634298,-1.6107347814051152,0.96849169221699194,-0.59804063236087734,-0.30273966664218832
-1.3150300601202407,-0.37235721135878141,-0.24151121670548825,-0.44009067979436012,-1.61489832303619,0.96178739102190436,-0.58500696411802899,-0.28777369303121725
-1.3014028056112228,-0.35208474597625011,-0.24323911051852887,-0.41815925424080802,-1.6119522469758787,0.94461562485318518,-0.57584771062995221,-0.26249463873084539
-1.2877755511022044,-0.33253106500398377,-0.25432192526852931,-0.40426605712364466,-1.5805470841311966,0.96984730226315818,-0.56328930498673258,-0.25020703251923126
-1.2741482965931865,-0.32074348103462647,-0.25099502680999275,-0.38917117343692093,-1.567057861142652,0.96303274337362299,-0.55009766078743383,-0.22796811532087632
-1.2605210420841684,-0.31129893612572235,-0.262588956414821,-0.37541591881160974,-1.5541846606176026,0.95563250695483259,-0.54396463356395297,-0.21304827700035581
-1.2468937875751505,-0.30321744203508016,-0.29909032071506325,-0.36454378050910291,-1.5436138953323173,0.97517084083147854,-0.53253759170466752,-0.20043824812740788
-1.2332665330661325,-0.29331977157267142,-0.30960089956587772,-0.35617714550993329,-1.548113619676557,1.0074046846531712,-0.5231390500925519,-0.1947792417486176
-1.2196392785571146,-0.28573650044993915,-0.33987019717222261,-0.34854928971877897,-1.5417478283342305,0.98189876137442744,-0.52132693396294372,-0.18245389710487225
-1.206012024048096,-0.28017281026690311,-0.34702495222354207,-0.34140671902915332,-1.5342363059475641,0.98697857148519474,-0.51345422089999926,-0.18074204246260478
-1.1923847695390781,-0.27499498876152895,-0.32969550814092624,-0.33557037304696924,-1.5267858654611657,0.99446600342895353,-0.4967458005793578,-0.17628913834034649
-1.1787575150300602,-0.26929348765213346,-0.33683550139388613,-0.3269177448032054,-1.5151847744627889,0.99141269394784515,-0.48518796868528619,-0.17047103572119462
-1.1651302605210421,-0.26848835546547933,-0.30010429689807322,-0.32393602135932309,-1.4680585454590225,0.9904508447628575,-0.48544094207959343,-0.16884898688202057
-1.1515030060120242,-0.26336287641670736,-0.274940465149553,-0.31927348733951555,-1.4672538941596933,0.99037931007470859,-0.48339989593396848,-0.17053609453617263
-1.1378757515030062,-0.26638550338151168,-0.26328168352876857,-0.30455533763903975,-1.4583281976849669,0.95173383455131733,-0.48171945070498656,-0.17052948313476896
-1.1242484969939883,-0.27152413079725118,-0.23527838043998806,-0.29360655069154384,-1.3784700286874898,0.95982074392399752,-0.48576029428471068,-0.17047142174301316
-1.1106212424849697,-0.27744045741754064,-0.24132251965969481,-0.29664851574544682,-1.4060401949953607,0.95235797106956444,-0.4857474045082234,-0.17696265644527887
-1.0969939879759518,-0.28575109176151336,-0.21877429292026507,-0.2995335906865092,-1.4057678067450787,0.95104399389062244,-0.47565224427172892,-0.1814096235980511
-1.0833667334669339,-0.29176739379577388,-0.20702532599559231,-0.30459668699415121,-1.4098661271033541,0.93510198926873045,-0.47673768777369013,-0.19349876493106993
-1.069739478957916,-0.30112245116151287,-0.19322230582323469,-0.30668199451668909,-1.4646682045787227,0.92267258829753984,-0.47742330984585035,-0.20250284147196904
-1.0561122244488979,-0.31270446130933471,-0.20270929306208885,-0.3112727655268428,-1.4987452986257983,0.92640831492668796,-0.47717807863398953,-0.21052420964036422
-1.0424849699398799,-0.32653145815855167,-0.20810414102821723,-0.31067155093889359,-1.4816746024862835,0.9188644165531602,-0.47790518547504712,-0.22370459436323414
-1.028857715430862,-0.33731226914541146,-0.19944459477743359,-0.32647394209554392,-1.4989283391275008,0.85562783063776537,-0.48826674734830239,-0.23440724606475721
-1.0152304609218437,-0.35027402102374861,-0.20095245978617976,-0.34280836071016563,-1.5344730438928937,0.84808260313620054,-0.50188107636502899,-0.23724916129939194
-1.0016032064128255,-0.36671963154834408,-0.19628009505271166,-0.3608765839892058,-1.5297514029866539,0.80229964872571735,-0.50663790893449212,-0.25244160805364757
-0.9879759519038076,-0.38258076630079407,-0.20177188740623742,-0.37153296993474122,-1.5808150538679686,0.78475567885141317,-0.51225321632833365,-0.25974815266478118
-0.97434869739478958,-0.39867293785400015,-0.20200219078449272,-0.39278130926743116,-1.5857164546688216,0.7471855569613165,-0.51705025393258974,-0.27870417655622914
-0.96072144288577166,-0.41486705697760118,-0.22148959499958137,-0.40984977845638854,-1.5850696508040167,0.72114010785768068,-0.53505361290665865,-0.28844540148848735
-0.94709418837675363,-0.43061438697877635,-0.24021660980476373,-0.42848342762452946,-1.6119014848712399,0.6871520626075962,-0.54594778626128737,-0.3092526360308448
-0.93346693386773572,-0.44866240656770334,-0.23324448548046939,-0.44156631628087101,-1.6630187070443345,0.6465999890738684,-0.56232716369908631,-0.32757387085961576
-0.91983967935871769,-0.4678480288345272,-0.24376090879232851,-0.45936302924590261,-1.6924149166709532,0.60730850225706745,-0.57693852091533271,-0.34750685098053541
-0.90621242484969977,-0.49032159231703154,-0.26564730243260271,-0.47756742182940098,-1.6512242777902106,0.61514150726151429,-0.59427828406091321,-0.37150328731957938
-0.89258517034068174,-0.50828844740381696,-0.26765005389633761,-0.49227642609158173,-1.6392992607634227,0.63271543566302446,-0.61277391674382864,-0.38495361623118651
-0.87895791583166383,-0.52938731508567982,-0.29562748208926859,-0.50807670924198245,-1.6406528597839685,0.63837726667983374,-0.62139451882381547,-0.39479482610317462
-0.8653306613226458,-0.54163253602023731,-0.3231543891009061,-0.53098721909494673,-1.6340750447452581,0.57776616462247299,-0.63561833477299901,-0.42162049486341135
-0.85170340681362744,-0.55972725217141694,-0.35566867726342172,-0.54360150343400948,-1.6683319966350472,0.5566415514392713,-0.66097380915305637,-0.44132139758326683
-0.83807615230460941,-0.58117307623951164,-0.41167832371152957,-0.5589934358616897,-1.7156388446943267,0.53744232827908955,-0.68632091004123463,-0.4558312112524493
-0.8244488977955915,-0.59801978245390064,-0.43698853065188153,-0.57981945335930751,-1.7540178310430168,0.52933993930129908,-0.70461168794855289,-0.47094941160146392
-0.81082164328657347,-0.61593195841861992,-0.49423013875257993,-0.59235830895442221,-1.7705058103893641,0.497937825868916,-0.7246619475927315,-0.47892219678355819
-0.79719438877755555,-0.63074200443335449,-0.52060284801877632,-0.60384596726313144,-1.8083525951368469,0.47126107003590356,-0.73865707421850257,-0.48434199296928482
-0.78356713426853752,-0.64098605684221377,-0.54900184668647145,-0.62661601795296185,-1.8714270748942352,0.42979442841963067,-0.75298262043916164,-0.49323947024670145
-0.7699398797595195,-0.65153813409539096,-0.54373654172840835,-0.63813947319285524,-1.8968593310498298,0.41245869234279303,-0.7649110444008721,-0.50387359998525461
-0.75631262525050114,-0.66105222264130892,-0.54527571782117046,-0.64573498168445864,-1.9523971608309758,0.39506084892751442,-0.7784331097957643,-0.50820158154304917
-0.74268537074148311,-0.66788834144366449,-0.57079872853632285,-0.65696396734084961,-1.9935569980375138,0.35295672053310884,-0.79044984298847742,-0.52098482106316146
-0.72905811623246519,-0.67126029800152587,-0.60319116979270837,-0.66703106386327982,-2.0288465161500904,0.33528111252417059,-0.81304572755351756,-0.52801494357421819
-0.71543086172344716,-0.67535250641895284,-0.64158520117484674,-0.67208834599010203,-2.0746434191275331,0.29779121228683197,-0.82365507544917771,-0.53049094652271034
-0.70180360721442925,-0.68432176992162552,-0.70189165304135448,-0.67571061386860032,-2.1083947058311008,0.26236826590011197,-0.83541324223815017,-0.53749720795067102
-0.68817635270541122,-0.68685780428937204,-0.75341738040422712,-0.6831845383105648,-2.096807663582311,0.21811275131406443,-0.83700924275916133,-0.5429306668401872
-0.67454909819639286,-0.68848601772249562,-0.76410121010193799,-0.68873741351129547,-2.1089551059820879,0.20863250713449205,-0.84805171497388387,-0.55629162166682711
-0.66092184368737483,-0.68836409323684111,-0.80089103999828148,-0.69862921749102391,-2.1565727966759378,0.14689596205841499,-0.84739110636364456,-0.56904614104277862
-0.64729458917835692,-0.69043866094921014,-0.83120034403465226,-0.70919588598980954,-2.1728217335215012,0.12274201797738486,-0.84611055027252968,-0.57806247251100273
-0.63366733466933889,-0.6959294819159193,-0.85845650267520268,-0.71394082728516017,-2.1874488289124194,0.11563073017005598,-0.84369664541901845,-0.57745712096332458
-0.62004008016032097,-0.69253611036368612,-0.87650367368988713,-0.72101350441395173,-2.2006812156993774,0.097476336545869763,-0.84428945414024203,-0.58034786756865442
-0.60641282565130294,-0.69530836139151586,-0.88770985238719613,-0.71722861671149785,-2.2130060545055756,0.069349426908977982,-0.84538199241996592,-0.58265360723659221
-0.59278557114228481,-0.69536836582717854,-0.90460788803896908,-0.71422151031832148,-2.2243665720005819,0.040122937795197988,-0.85038426116034305,-0.57517332501827567
-0.57915831663326678,-0.69733726392526663,-0.93683719200076609,-0.71275341625441413,-2.2466243698017947,-0.0063120233802061582,-0.84515637996906556,-0.57497802619067195
-0.56553106212424886,-0.70085793690694076,-0.96438074884166003,-0.71500508546239439,-2.2743050098980579,-0.013495029245074452,-0.83728831740296039,-0.57838354089008981
-0.55190380761523061,-0.7044829473662837,-0.99187415033150694,-0.71558574028605348,-2.3112353796202632,-0.011191501003154761,-0.82996446644117627,-0.57364576543528911
-0.53827655310621259,-0.70539703363997108,-1.0326207571856734,-0.72077580907297412,-2.335386810611833,-0.024777179348571571,-0.82327078659368746,-0.57531669394430363
-0.52464929859719467,-0.70766074090142994,-1.0749660408318877,-0.72259752901210506,-2.355018206544611,-0.057892048022100837,-0.82253134389151161,-0.5765549549134299
-0.51102204408817642,-0.71072134979044166,-1.0940726515637564,-0.71591656136552484,-2.3860227375890481,-0.066887791072233679,-0.82222946817913789,-0.58665804384743736
-0.4973947895791585,-0.71544146188258251,-1.1374089524765409,-0.71638772876153567,-2.3661260320315796,-0.084635886812630845,-0.82501117018270964,-0.57840434212188896
-0.48376753507014053,-0.7172849224488631,-1.1737471493380014,-0.71469939413615025,-2.403820251709222,-0.12899334909311078,-0.82257465041952094,-0.58120739463527848
-0.47014028056112234,-0.72649429154574929,-1.1744176730081026,-0.71654888270545214,-2.420906773602971,-0.16507423609401325,-0.81795645549301943,-0.57920572886402588
-0.45651302605210431,-0.73147205057098685,-1.1837451675714306,-0.71397186842354221,-2.4179862520850359,-0.1860107644370384,-0.81766146396667472,-0.57290515833257871
-0.44288577154308634,-0.73975533911884339,-1.2598706861813913,-0.71835556360265973,-2.4498028983830396,-0.19775946267471214,-0.8100197105723278,-0.56819196567057206
-0.42925851703406837,-0.74753330587261979,-1.2702224016539594,-0.72011723185191079,-2.4803564098076656,-0.24143675216375762,-0.81419908719866951,-0.57016142929350355
-0.41563126252505017,-0.75082132659614309,-1.3279218701123925,-0.71771411276505481,-2.5083095509761408,-0.27536505973338887,-0.82568492041477703,-0.57718743877215284
-0.4020040080160322,-0.75238598814887925,-1.3830258463272291,-0.7175626123244877,-2.5386536123090728,-0.2847294757545219,-0.8282196872835047,-0.58429165582255238
-0.38837675350701423,-0.75567944172922918,-1.3974387599007763,-0.71752055306752671,-2.5379763241622397,-0.28444907518869728,-0.83875752504870482,-0.58235885468749859
-0.37474949899799603,-0.76387530557732908,-1.3959255082901887,-0.72042530384774539,-2.5059228505318725,-0.34934840085824026,-0.84422378401978271,-0.58254069985064461
-0.36112224448897806,-0.77242801427463348,-1.4049544855333236,-0.71945146529948578,-2.5151759822219786,-0.37260158333066223,-0.84806132472460072,-0.58519504339470818
-0.34749498997996009,-0.78133738243073525,-1.4358586763834211,-0.72069506620181645,-2.5647971838640569,-0.43267242621270346,-0.84981716122791939,-0.58492823345577605
-0.3338677354709419,-0.78569465800640259,-1.4454478994934761,-0.73730607341936416,-2.5759755951721224,-0.45633988063406422,-0.86256768967268505,-0.59740406231789411
-0.32024048096192392,-0.78479639771513909,-1.4675901789235137,-0.7363920611175907,-2.5935474438348627,-0.50056049568981664,-0.87800042919950438,-0.59535843180126702
-0.30661322645290595,-0.78762687577638946,-1.5055389728198723,-0.73355645081885279,-2.5982992263926978,-0.56603504661860604,-0.89768573652489125,-0.60642027089662698
-0.29298597194388798,-0.78964553391451398,-1.5715134286738475,-0.74964902640153275,-2.6146954002768323,-0.5597050748304141,-0.90856158080846106,-0.61727509559584426
-0.27935871743486979,-0.78712149131882325,-1.5962613609953,-0.76372473897499327,-2.6347328416238502,-0.57056837467889121,-0.92707978763575238,-0.62615380491718819
-0.26573146292585181,-0.78445975798604883,-1.6174105263939005,-0.77922821687950905,-2.637847005363926,-0.61078318612005644,-0.9488911636007572,-0.6501635284034738
-0.25210420841683406,-0.78680892245517509,-1.646598115178465,-0.79413419937397323,-2.6363595294784146,-0.63568473046274754,-0.97751174618769976,-0.66401148555724998
-0.23847695390781606,-0.79102783075489769,-1.6820917726444549,-0.81157159503060061,-2.6276978655252234,-0.65106462900014428,-1.0012200562855877,-0.69181455532495961
-0.22484969939879809,-0.79663565489787358,-1.6997829262536017,-0.85361553826621728,-2.594818161961816,-0.70174743696968134,-1.0239756479002606,-0.70425618595823347
-0.2112224448897799,-0.79080178043454108,-1.7171216160256682,-0.89779202167712557,-2.5655276630033064,-0.74082559865459108,-1.0519602894649609,-0.72084249133567146
-0.19759519038076193,-0.79057458529276048,-1.7428441248727957,-0.92908778358385469,-2.540213095898566,-0.78375916191876327,-1.0863420578077827,-0.7398377601486531
-0.18396793587174393,-0.78451641337686662,-1.7832043401811979,-0.95451396722094439,-2.550579827140159,-0.81900447436431811,-1.130045502677026,-0.75321380889384426
-0.17034068136272595,-0.78419129953044819,-1.7713306675146367,-0.98256570293968903,-2.542115885333077,-0.86218275786855925,-1.1726925703392042,-0.77404860276736143
-0.15671342685370776,-0.78431122823988753,-1.7882954010357426,-1.019356442202644,-2.5592064200707707,-0.91614282095794641,-1.2231106400579264,-0.79424233306819636
-0.14308617234468979,-0.78355929520239243,-1.7860671224770213,-1.0435154159553177,-2.5411006515919978,-0.94453149189491792,-1.2627718849875544,-0.82723569815220377
-0.12945891783567182,-0.79950748396367777,-1.7490852730635453,-1.0859998297763698,-2.5644363970255819,-0.97232587017661953,-1.3184786394727548,-0.84558762574069357
-0.11583166332665362,-0.80150761913166668,-1.7428750254019514,-1.1175742369416866,-2.5400901636459272,-0.99544512400748597,-1.3661066516838185,-0.86993130014697018
-0.10220440881763565,-0.7947584423804156,-1.7599316720780631,-1.1518103376676121,-2.5375616272353234,-1.0177882852859006,-1.4196826341644821,-0.89980897801367676
-0.088577154308617664,-0.80511374021091309,-1.8086269613739301,-1.1913950003617053,-2.5368864257243695,-1.0587071731202378,-1.4546764426702194,-0.92756660494043586
-0.07494989979959947,-0.81751558095178622,-1.8050559317921246,-1.2143813686778762,-2.5254756990185054,-1.1081023102004504,-1.4984235249001623,-0.96227475596354428
-0.061322645290581498,-0.81777907839028618,-1.8140895843898281,-1.2444998988649638,-2.5268523528301405,-1.1292820427890167,-1.5392542260251707,-0.98891471535716957
-0.047695390781563519,-0.80818992382805899,-1.8252579757060428,-1.2962948582359779,-2.5201564025486793,-1.1618400068937431,-1.5793551807193937,-1.002481185743805
-0.034068136272545541,-0.81175812138279546,-1.8440736065961252,-1.3323941617704569,-2.5201875105456821,-1.1895159976841101,-1.6153497896724409,-1.0331553415599684
-0.020440881763527347,-0.82452568158840978,-1.8530669171875886,-1.3733631587358222,-2.4927773873650061,-1.2083025342708984,-1.6517464337845413,-1.0715434084725612
-0.0068136272545093711,-0.82893722045750717,-1.8457376503869507,-1.4168101650111371,-2.4752842201952054,-1.2238326611104944,-1.6914917923129751,-1.102550975341781
0.0068136272545086043,-0.82784389726181107,-1.8594097153158615,-1.4580375074053396,-2.4660226803553602,-1.2291991512982743,-1.7135987632355039,-1.1189835304080697
0.020440881763526802,-0.83062152029375591,-1.8540857043870633,-1.4852401614427571,-2.457491764957997,-1.2666406848770935,-1.7492958008251931,-1.1300061247113544
0.034068136272544777,-0.83451922551778723,-1.8711535362603322,-1.5041693885876302,-2.4319108178894115,-1.2899334579390738,-1.792725607607019,-1.1805335145534612
0.047695390781562749,-0.82575012800853542,-1.8930947309175885,-1.5261032177316456,-2.4341245663130566,-1.3020553261779699,-1.8101198254917548,-1.2065024063545369
0.061322645290580728,-0.82081779747466932,-1.9042213933489303,-1.5507702485078765,-2.4193370189025183,-1.3094812455784517,-1.8182955434531265,-1.2184575809518627
0.074949899799598929,-0.81601878268665839,-1.8940130421807171,-1.5646450114129171,-2.3968146925317573,-1.3252445822523935,-1.8370811660518536,-1.2500638330201426
0.088577154308616901,-0.81821463199019284,-1.889041916483337,-1.5799968105383013,-2.3730410893620837,-1.3589556100491693,-1.8518511008288989,-1.2857070379737592
0.10220440881763487,-0.82425319711663003,-1.8810283858005226,-1.5949972823891594,-2.3489260150426134,-1.3786789359452085,-1.8681803588676351,-1.3165666198555355
0.11583166332665307,-0.82842776067738289,-1.873047250588407,-1.6136903828258289,-2.3144187461367669,-1.4153668644205715,-1.8768442432530348,-1.345313447159175
0.12945891783567104,-0.83429793069536939,-1.8701057644987773,-1.6229148772298725,-2.2862663292026877,-1.4404773736656153,-1.8740385242671549,-1.372803387184846
0.14308617234468901,-0.84148382677652611,-1.8575083376573791,-1.6345833781385544,-2.2376296421858148,-1.4624847463889228,-1.8723222107233655,-1.395805675962976
0.15671342685370723,-0.85614286468819911,-1.8490681036468493,-1.6323429480791449,-2.1855301809531413,-1.481679144217809,-1.8646730807656555,-1.4128366561019008
0.1703406813627252,-0.86200313825917529,-1.846664573748672,-1.6316120964568048,-2.1471004183304356,-1.4863546281905706,-1.847371161074586,-1.425483942116299
0.18396793587174318,-0.89089199054458512,-1.8266215512055539,-1.6275506379563707,-2.0916906261956512,-1.4863523016907101,-1.8318604360933957,-1.4325922987248578
0.19759519038076115,-0.90170698528261795,-1.7955373862254576,-1.6170831674519572,-2.0227901733194305,-1.4910562548920683,-1.8128273385066673,-1.4416718979167868
0.21122244488977934,-0.90695968702361562,-1.7627602818263532,-1.6024191134553747,-1.9697324221917809,-1.4901812190951849,-1.7832252312570636,-1.4415001956796591
0.22484969939879731,-0.91850007447417714,-1.7208384127549519,-1.581831285692757,-1.89892696696602,-1.4738161426893754,-1.7515085392686061,-1.4422651812146348
0.23847695390781529,-0.9514627191574504,-1.6775289844802983,-1.5571022754133985,-1.8370266699818285,-1.4560226895825523,-1.7082541156480211,-1.4252259680655295
0.25210420841683351,-0.97733837345522723,-1.6225464265254068,-1.5166426704830949,-1.7591327804002481,-1.4405674400673267,-1.6516062447735158,-1.4076603473310287
0.26573146292585126,-1.0123884694435521,-1.5594613718366026,-1.4745295937035139,-1.6675967427214249,-1.414284563936189,-1.5876644083563818,-1.3832597453933966
0.27935871743486923,-1.0009742468558209,-1.4827100321725715,-1.4235261571850215,-1.5752869633772244,-1.3749298337920044,-1.5135445627207136,-1.3449866000466193
0.29298597194388742,-1.0108909420817951,-1.4055953655933358,-1.360881448891337,-1.4722272108811971,-1.3208146421603348,-1.4313809044532575,-1.2972982943161315
0.3066132264529054,-0.98474089566353307,-1.3182739402446506,-1.2815680204297411,-1.3604530395616949,-1.2586528637813914,-1.3342593940597167,-1.2396342664527866
0.32024048096192337,-0.98891077562435525,-1.2136799781757683,-1.1940592307865117,-1.2403556268174443,-1.1814258454843971,-1.2244072206839958,-1.1665773531079362
0.33386773547094156,-0.97343610914469825,-1.0993377494915961,-1.0914963262483779,-1.1118701740617882,-1.0853480531171484,-1.1064427079733945,-1.0765683568682511
0.34749498997995953,-0.98045894855902072,-0.96621193533916683,-0.96600796191231963,-0.98261286388037861,-0.95366746120430501,-0.98104318636038368,-0.95036301674192158
0.36112224448897751,-0.97133074936019737,-0.82463119388339745,-0.82752958097329976,-0.85350373660178525,-0.79859240787444952,-0.85246846436500823,-0.80328593849365504
0.3747494989979957,-1.0229743085802916,-0.66490655310018609,-0.67292074173757299,-0.70398171711895041,-0.6322727125357156,-0.70389201912921773,-0.63989204467816163
0.38837675350701367,-1.0293546472526649,-0.48713289265960596,-0.50182208386319815,-0.53355494732683839,-0.45446993851541073,-0.53440590934894128,-0.46189918779301808
0.40200400801603164,-1.0564843087531572,-0.29864891046570829,-0.30977354170234667,-0.34420733188608876,-0.26338968247298777,-0.34830766318240852,-0.27114162484416815
0.41563126252504967,-1.1001192661519117,-0.097676943101193042,-0.10473897939668654,-0.13653957226814617,-0.065412936436714864,-0.14047048496036341,-0.071820039316891904
0.42925851703406787,-1.114255137365499,0.11607509587733117,0.11174489862170611,0.089568874367797896,0.13863814094406041,0.084977970000467723,0.13882923065374425
0.44288577154308584,-1.1301928495199645,0.33457388334813232,0.33432822240953491,0.31994069725779206,0.34657535473220408,0.31793913781663707,0.35236772353187956
0.45651302605210381,-1.1341043378117126,0.55636066319437016,0.55925638169865644,0.54603797157685408,0.56518702334999238,0.55133523924559391,0.57109305349917838
0.470140280561122,-1.1511419265770324,0.77330767568298664,0.78152233361799439,0.74922812649909121,0.80163997952866584,0.76052324944768435,0.80836817273034045
0.48376753507013998,-1.1661452758499427,0.98341561308329895,0.9956191646833491,0.94624614487653225,1.0298533556255722,0.95631316444785663,1.0410152198531573
0.49739478957915795,-1.1932980363735868,1.183281355457394,1.2000306452376464,1.1283244580366718,1.2510421697260385,1.1411126488789423,1.2658808587486836
0.51102204408817609,-1.219807259305262,1.3698237864392673,1.3875722276615776,1.2926098091083367,1.4518338855529054,1.3107721485965036,1.4644832284516709
0.52464929859719411,-1.2420770560790393,1.5274668915444214,1.5558987404871045,1.4412247897378185,1.6263808499422401,1.4628149639473833,1.6485527663350337
0.53827655310621214,-1.2748342867403144,1.6725635565180501,1.703378431974083,1.5713918835133707,1.7858257772491977,1.5987878211420894,1.8033239076095446
0.55190380761523006,-1.3036957482682499,1.7971292544145889,1.8191301398099831,1.6904937343900399,1.9136848872395971,1.7085706183744223,1.9363447470588335
0.56553106212424831,-1.320696838317001,1.898350834424654,1.9183599636301183,1.7830090633963638,2.0245970927408927,1.79922659538739,2.0481283072786383
0.57915831663326622,-1.3336335572455971,1.9763059373088883,1.9998357427495752,1.8586518053724226,2.1092247864137117,1.8826887268035419,2.1380761620304503
0.59278557114228425,-1.3511797146353046,2.0403749163545539,2.057739943728301,1.920516665028297,2.1806784339272398,1.9394430637009898,2.2031665052626064
0.60641282565130239,-1.3809010352408067,2.0745382877139691,2.0971506758372147,1.9600204467433535,2.2182549512462266,1.9773328920847959,2.2408687927658604
0.6200400801603202,-1.3868649103235389,2.1001589935371179,2.1164611119365402,1.9892610119593854,2.2477486534543618,1.998442640375429,2.2591095727504338
0.63366733466933811,-1.3915193997360373,2.0987840708201908,2.1158438755109827,1.9971079383124157,2.2480566638613042,2.0020697823719309,2.2543458248248638
0.64729458917835636,-1.4243709166679805,2.0835983109843257,2.1032673150367813,1.989962260989798,2.2116699596651723,1.9945678521420405,2.2257969789615526
0.66092184368737428,-1.4571743221441118,2.052803775567309,2.0693697392723149,1.9601085815361357,2.1590456396203952,1.9729395975180326,2.1746125082465579
0.6745490981963923,-1.4768837491001283,2.0045346134635231,2.0149765213364885,1.918715244717246,2.0998345245397205,1.9330294332528908,2.1103884653480502
0.68817635270541044,-1.4863883690454838,1.938247372496968,1.9483930994489607,1.8624049983692372,2.0297154139343356,1.8728586555631033,2.0372474404096534
0.70180360721442847,-1.5043756786437319,1.8565386597940208,1.8686181096642287,1.7870595231937947,1.9338856473424477,1.7953032479654665,1.938916348774353
0.71543086172344639,-1.5217781156482677,1.7626109311049554,1.7681042966339491,1.7033928530343014,1.8264082474106527,1.7086446372088315,1.8282943508503025
0.72905811623246441,-1.5414519455286635,1.6534853628810762,1.6559139336208433,1.6042898442531672,1.7041182867052513,1.6102508796686235,1.705930112969507
0.74268537074148266,-1.5402350504198141,1.5305217160064286,1.5317649418493104,1.49244772570745,1.5696807343355974,1.4970594151746319,1.5723692498724056
0.75631262525050058,-1.5362259067019131,1.394637667459488,1.3995406087512494,1.3706796960244074,1.4248542057145641,1.3740878737348972,1.4277230995240857
0.76993987975951861,-1.549323245282443,1.2586625699433474,1.2616539714661568,1.2421610730849753,1.2779406115486589,1.2472079801890481,1.2816884866901184
0.78356713426853675,-1.5534928632679676,1.1249630456570059,1.1273130527698298,1.1102513838117445,1.137678686233264,1.114655646876342,1.1419876265873798
0.79719438877755477,-1.547415159133946,0.9877461844547768,0.99282897328819542,0.9690184932234851,1.0057827053149007,0.97329004372525274,1.01016907538536
0.81082164328657269,-1.5224915598597319,0.85217519933062047,0.85839472259164484,0.82785893021158286,0.8842997455551419,0.82981501131975466,0.88484714325410541
0.82444889779559094,-1.5396296270461844,0.72430695340641482,0.73166294048056546,0.68958550278517128,0.76960693616282816,0.69217560763832109,0.76621218260382729
0.83807615230460886,-1.5428225133219957,0.60598866304767385,0.6162178772198903,0.56347286553692133,0.66035986344666164,0.56556819297216876,0.65869285965913371
0.85170340681362688,-1.5756243782899451,0.49916867933863862,0.50923932281515261,0.44620611656183873,0.56100348496079433,0.45143216654102325,0.56057987429365685
0.8653306613226448,-1.5849363373762713,0.40268099409943109,0.4181680604301673,0.34439102998207471,0.46877880001273059,0.35233216152935964,0.46778590975764489
0.87895791583166305,-1.6051724730106276,0.31854320566507188,0.33445819978681945,0.25194407797509982,0.38204954108360017,0.26332874440928666,0.3846258382183223
0.89258517034068097,-1.6083066818758009,0.24336554289278595,0.25710147476544332,0.17575830186655361,0.30750300643132117,0.18382167131803431,0.30743629324620525
0.90621242484969899,-1.5700909511243326,0.18156499692005601,0.19246441218804688,0.11050430945077011,0.2392117624607393,0.11987970541380302,0.24028551363441603
0.91983967935871713,-1.5888144695681419,0.12328785512377527,0.13192922840090462,0.057328058078771935,0.17753356311606747,0.067743366771609387,0.1799673147181238
0.93346693386773516,-1.5903905621896928,0.072737822295945886,0.080002420361248938,0.0079730978596216223,0.12124086025985553,0.023159943654005345,0.12523702063690317
0.94709418837675308,-1.5634476789018001,0.029011482891691087,0.035517721131206624,-0.034764680345184443,0.073628739564977147,-0.015985161708773864,0.076989996060702962
0.96072144288577133,-1.5519537254173223,-0.011883466230490081,-0.0043025970962671245,-0.067525236634726662,0.031064777874522272,-0.053867889841446338,0.034191464388297038
0.97434869739478913,-1.551383164818751,-0.045167843093242399,-0.042052405902222229,-0.098468631989531125,-0.010675239926436958,-0.083199665384024402,-0.0060919899100790251
0.98797595190380705,-1.5539935082302423,-0.075489209792338224,-0.07351085231585204,-0.11898868138248789,-0.048599912625941266,-0.10777121727096647,-0.043394169331606919
1.0016032064128253,-1.539979959518099,-0.10394133866821931,-0.1019866038471598,-0.13865028860928241,-0.083990086338293482,-0.12876354422160799,-0.078368403885531776
1.0152304609218432,-1.5370066623062777,-0.13416868550610511,-0.12959637980427044,-0.15578350495484231,-0.11728478376902984,-0.15107722343177038,-0.11073535364192086
1.0288577154308611,-1.5213771721172731,-0.16036888848233383,-0.15648179447481986,-0.17318058176171994,-0.14711213000251144,-0.16849113358239706,-0.14019603557128757
1.0424849699398793,-1.5201359283830822,-0.18302629260716929,-0.1791644931155601,-0.19570663251614651,-0.17121885810178347,-0.19287628577592764,-0.16710357803612
1.0561122244488974,-1.4879312467809882,-0.20681854400938476,-0.20196045134263951,-0.22517769129865395,-0.18937508820916432,-0.22243015692954574,-0.18552700749418993
1.0697394789579153,-1.5152312121673674,-0.23261116319224354,-0.22610500828593588,-0.25681614837422656,-0.20701205674791234,-0.25571970867657789,-0.20216206621794036
1.0833667334669332,-1.5226777372608213,-0.26074416029514991,-0.2554273705718455,-0.29045040606594402,-0.22581084295443316,-0.28925346087342396,-0.22341655436708086
1.0969939879759516,-1.4950679261746185,-0.28979683795799882,-0.2847286084709158,-0.32499177359855591,-0.24966734762967435,-0.3231699034794896,-0.24670919125159407
1.1106212424849695,-1.4982956703893198,-0.3203660488769372,-0.31653941024640775,-0.36287919076656583,-0.27546363330855927,-0.3599898954667507,-0.27370110567511174
1.1242484969939874,-1.488222325410796,-0.35578590739306493,-0.35052612263957816,-0.4008033973050632,-0.30422373548371806,-0.39960233650941634,-0.30649207100674547
1.1378757515030056,-1.4791397331149914,-0.39634359147867171,-0.3903109170698969,-0.44193417012725866,-0.33965342881375404,-0.44215215929128204,-0.34311888149851938
1.1515030060120237,-1.4614391941190306,-0.4378478633942241,-0.43277950788382669,-0.4871379460773857,-0.38057789450103635,-0.48727082352201878,-0.38196504857095259
1.1651302605210416,-1.4479011471725074,-0.48407786826123589,-0.47721585271029854,-0.53653670328405723,-0.42657972317933301,-0.53518193663284896,-0.42844403275083315
1.1787575150300595,-1.418977057419522,-0.53803853531551993,-0.52962489684245084,-0.58989890454550564,-0.48107410833430331,-0.58350699603448697,-0.47688678398246692
1.1923847695390779,-1.4083690083136806,-0.59363749766509888,-0.58740040974118091,-0.64821321207413418,-0.53974492763680448,-0.63942708760657052,-0.53919050957498149
1.2060120240480958,-1.3971983651199491,-0.65332272558022786,-0.64895119296303094,-0.70464053763088819,-0.60550930569891226,-0.69592606578701854,-0.60054219932252573
1.2196392785571137,-1.3699608216505901,-0.71925522552751131,-0.71473830514599457,-0.7672172383292154,-0.67997591738294061,-0.75708266535649327,-0.67263068973488505
1.2332665330661319,-1.3547665813664733,-0.78924899777240398,-0.78658957277798447,-0.83738826636219355,-0.75392459578446969,-0.82439377209718234,-0.74547567397522996
1.24689378757515,-1.3310656196767012,-0.86526982719789158,-0.86346777577301459,-0.90346466557145511,-0.83238630249845369,-0.89418021758812261,-0.82472917854968975
1.2605210420841679,-1.3062823957289083,-0.94222208563109477,-0.94123255658945804,-0.97961486857751179,-0.91832315164672429,-0.96986217705219013,-0.90907579003608974
1.2741482965931861,-1.2828949358817918,-1.0266440092544897,-1.0192284601853487,-1.0574737078693714,-1.002795147288001,-1.051447676855791,-0.99682280572102766
1.287775551102204,-1.2593804795549084,-1.1098648580947499,-1.1057843129906773,-1.1449463654689078,-1.0856487944505919,-1.1364135715743626,-1.0795246844631508
1.3014028056112221,-1.2323568190423682,-1.1973626200882608,-1.1911601348638086,-1.2287370194367333,-1.1604640053578867,-1.2223603046393534,-1.1555115796813662
1.31503006012024,-1.2106982953845433,-1.281176180135736,-1.2694302210868544,-1.3209277621918805,-1.2324015134666328,-1.3139172683422369,-1.2259107550916051
1.328657314629258,-1.1991422522685422,-1.3571022396616867,-1.3467283458581372,-1.4073826475726858,-1.3026963531953242,-1.4018505088129851,-1.2959832182446425
1.3422845691382759,-1.1910525972041093,-1.426112524257469,-1.4169737661307449,-1.4843819729292274,-1.3659783152423337,-1.4710636993836324,-1.3580861468709979
1.3559118236472942,-1.1851392312013671,-1.4903085195051728,-1.4776208931874018,-1.5519684742953401,-1.4280167705341729,-1.5366980362358218,-1.415380951642927
1.3695390781563122,-1.1603339932629551,-1.5409316614635071,-1.5312969913648102,-1.6096989396665373,-1.480169584901645,-1.5879768003811445,-1.4678862664229959
1.3831663326653301,-1.1318074952202131,-1.5863425554440544,-1.5736463034755048,-1.65838098791694,-1.5243107874505815,-1.6367813445463486,-1.511414620002975
1.396793587174348,-1.1154432513417794,-1.6181864295268147,-1.6062757355661488,-1.6906474245776197,-1.5579693567432786,-1.6707869808407514,-1.5487155976730642
1.4104208416833661,-1.0909767384809781,-1.6430818177251119,-1.6281299050507874,-1.7088188459024138,-1.5819464288360736,-1.6875142952986155,-1.5727004176983235
1.4240480961923843,-1.0764124262734853,-1.651335960791827,-1.6353291475862057,-1.7135630378772493,-1.5933922274222598,-1.6937777182213343,-1.5861343488508102
1.4376753507014024,-1.0699504425198065,-1.6452083495794976,-1.6302394229574129,-1.6988571317660723,-1.5947812483374519,-1.6791391033938909,-1.5855043137527243
1.4513026052104203,-1.0753352218473831,-1.6295217954922787,-1.6119309881261445,-1.6730246155066939,-1.5818634265206337,-1.6544905033341497,-1.5763603129353936
1.4649298597194385,-1.0681201424603604,-1.592330644184841,-1.5781710941717964,-1.6268031383040056,-1.5545170390805625,-1.6124291841254526,-1.5419707167312617
1.4785571142284564,-1.0666559213632065,-1.5401621357457782,-1.528105502305684,-1.5650291165256425,-1.507780901334681,-1.5530931358980518,-1.4972747335398606
1.4921843687374745,-1.0566494449715655,-1.4681486787020446,-1.455682619352038,-1.4885670011196106,-1.4357353788698579,-1.4753134432595596,-1.4202143415231236
1.5058116232464926,-1.0463183405409113,-1.3737349969037711,-1.3589518467989963,-1.396882123311999,-1.3440223986790962,-1.386722501470814,-1.3200117193804384
1.5194388777555106,-1.0356366045061258,-1.2570855820540836,-1.2423286594252358,-1.2900864186172001,-1.216216098798081,-1.2781667271621822,-1.20357094673276
1.5330661322645287,-1.0078645516425728,-1.1202300312863211,-1.1042909766245419,-1.1631405023479,-1.0677701554445258,-1.1537909961144355,-1.0558098740629189
1.5466933867735466,-0.99444419820403984,-0.96494946178560759,-0.94464333557891522,-1.0139908615688964,-0.90095788967181112,-1.0053982680973745,-0.88438881994158458
1.5603206412825648,-0.98189463957433787,-0.7848997109775756,-0.76998311844323553,-0.83648603448442149,-0.71664091396091678,-0.82834163372702285,-0.70237232543197725
1.5739478957915827,-0.98385693667543184,-0.58779700352121989,-0.5698300589274784,-0.6424169912837383,-0.51292630093998715,-0.64056811587755935,-0.50570180836333878
1.5875751503006008,-0.96786917004997308,-0.37336958782432705,-0.35538203400089574,-0.43233640988148569,-0.3001079271219621,-0.42731832661995239,-0.28665625133956674
1.6012024048096187,-0.95553050211132717,-0.14933266348710686,-0.13678211466965123,-0.21264615422638761,-0.087101742614990832,-0.20556852298041556,-0.072582925962147743
1.6148296593186369,-0.95013000110813017,0.075172014484108818,0.087882180131355736,0.021096700835780614,0.13476618432379406,0.019924980301061102,0.14471593740040795
1.628456913827655,-0.93539798657885542,0.3053354219850718,0.31070269826180125,0.25575088576616023,0.34348570018017355,0.25246569498871296,0.35913741797439913
1.6420841683366729,-0.91615112371028073,0.51902949899882977,0.52828986905592035,0.48266533633192288,0.5573863034806158,0.47742541746537581,0.56754663120973703
1.6557114228456911,-0.89991904508495602,0.72892942223122104,0.73487950076964548,0.69526537704749192,0.75625786248450144,0.68881989804280885,0.76669735942059247
1.6693386773547088,-0.88614326628226103,0.91750539140901055,0.92020858999949207,0.87792670721194133,0.9459184331353645,0.88052974476718138,0.95139773991434329
1.6829659318637269,-0.86372479650477618,1.0793857129521927,1.0840089170144598,1.0463138294688807,1.1045755025256629,1.0471321913653679,1.1139097444356245
1.6965931863727448,-0.86002887630025104,1.2169786804848597,1.2211576491892122,1.1790987562802739,1.2526479892052924,1.1855572338676552,1.2562803020519959
1.7102204408817632,-0.84908346363940623,1.3285954490266647,1.3360518697372648,1.282514583024855,1.3779135989888447,1.2902631709487846,1.3799114308486415
1.7238476953907811,-0.83816215574685771,1.4175090026670172,1.4229589669085896,1.361583982085889,1.4698938324016817,1.3708723637603897,1.4723748522525808
1.7374749498997992,-0.82625643209024346,1.4807972741644799,1.4923405096700102,1.4193148100813264,1.5316654723649932,1.4316802102060089,1.5385824801151009
1.7511022044088171,-0.8218278378720355,1.5207865659622519,1.5310103853285097,1.4576504562492776,1.5714537423191546,1.4704332537779299,1.5771512691096921
1.7647294589178351,-0.81088931383681351,1.5378600548890957,1.5467212251989038,1.4748880724907631,1.5899765634879164,1.4877913162380132,1.5915018962302312
1.7783567134268532,-0.81411245085320305,1.5301380558242803,1.5414798646360706,1.4724582413280349,1.576495004856016,1.4862784361646622,1.5829609157656856
1.7919839679358711,-0.80067318178294578,1.4992401582305503,1.5154568933554899,1.4518406968406277,1.54314740705695,1.463091642367472,1.5524175680126744
1.8056112224448893,-0.78491218779643801,1.4450251708709756,1.4644109031279056,1.4057181216434753,1.485553486917853,1.418365871617659,1.4972210421127958
1.8192384769539074,-0.77745516719462404,1.3733933585189049,1.396018533106731,1.3374452769963412,1.4101229571588529,1.3512155055755295,1.4254410506602635
1.8328657314629253,-0.76590674215185794,1.2790711027046922,1.3026209885478433,1.2431188680393861,1.3143134452418623,1.2642558582105028,1.3343560395692915
1.8464929859719434,-0.753784392778307,1.1674251576784875,1.1848745164462933,1.1214887730950318,1.2017528349039306,1.1442441243883796,1.2353721077767816
1.8601202404809614,-0.73253174377501784,1.0307609479996773,1.061577469104015,0.98123387740439882,1.0814961343826786,1.0075702903820585,1.1155161418524078
1.8737474949899795,-0.73108898804355427,0.89056767031849782,0.91653429650052975,0.8269916773048831,0.9460621423569423,0.85984302495264509,0.97873134605585022
1.8873747494989976,-0.71920723012920595,0.73697321760042644,0.76607884590518771,0.6640080254506382,0.79380510074105126,0.69377973755030931,0.83678383201423112
1.9010020040080156,-0.72041666880925281,0.57705031390923134,0.6082401881390882,0.50139459521765062,0.63645729855864075,0.52597950156975415,0.68788186397523321
1.9146292585170337,-0.70445385548234762,0.41222147687770927,0.44038235317736663,0.33723153996215277,0.48142370483637531,0.35680051950943154,0.52826074975143611
1.9282565130260516,-0.70510242998619854,0.24932126497849244,0.26795351036763504,0.16825643561247608,0.32680314738655092,0.17840841129619731,0.37029096365766878
1.9418837675350695,-0.71481170329969801,0.082253730922389343,0.11222296568689638,-0.0010867582412400906,0.16528290549716018,0.0069557330308987475,0.2092454519986397
1.9555110220440877,-0.71930530426373984,-0.076359888477577562,-0.046906236172473359,-0.1642971531542276,0.012602157647519679,-0.1456583464517629,0.048598124008795388
1.9691382765531056,-0.73027536766469558,-0.22621963116282245,-0.19725683489661608,-0.31472001445174247,-0.1350148548780481,-0.29078002453979557,-0.10576593823439702
1.9827655310621237,-0.73130969909089005,-0.36472104664031829,-0.33328260946598781,-0.4468971195446117,-0.27439508082873598,-0.42495014014836541,-0.23912833701518421
1.9963927855711419,-0.74263668741624611,-0.48881341349593521,-0.45868058793845251,-0.56500780233632708,-0.40881632508434107,-0.54211697177853724,-0.37079894587105877
2.0100200400801596,-0.73928300304157679,-0.60111589463018755,-0.57164458936173257,-0.67227773747535924,-0.52928193467035656,-0.64210370605928513,-0.49477075215305621
2.0236472945891779,-0.73458206711418894,-0.69766582774381636,-0.66508200142779961,-0.76561122303021045,-0.63567666796733135,-0.74091718375067495,-0.60311835702607186
2.0372745490981958,-0.73010899566947063,-0.78519579900160197,-0.75863975355208435,-0.84080510533732444,-0.72720375337638021,-0.82124359519546086,-0.70358576735823053
2.0509018036072137,-0.7227798417317246,-0.864123034719955,-0.84155295244105688,-0.91225969200747203,-0.81528929642086645,-0.88716438014105015,-0.78816923778831471
2.0645290581162321,-0.73211588052385212,-0.92968418547958653,-0.90784967756571366,-0.97098882273546283,-0.87629649525355424,-0.95131132776823835,-0.86006690179451573
2.07815631262525,-0.72507480988816186,-0.98669361003890699,-0.96526941395082877,-1.0209146424332765,-0.93068965119317992,-1.0014523322413256,-0.91950324023508867
2.0917835671342679,-0.71150615287018715,-1.0298997000643053,-1.0133414783297845,-1.0610024349267597,-0.98033197218200541,-1.0498181440649541,-0.96452646687876098
2.1054108216432859,-0.7131966051579206,-1.0670956181994531,-1.054019282932491,-1.0937914373253632,-1.0185865085500956,-1.0826834207498937,-1.0026233862989617
2.1190380761523042,-0.71243606986275287,-1.0950130507387543,-1.084952139310928,-1.1215585627940832,-1.0525959042354542,-1.1119818814347275,-1.0353281787655029
2.1326653306613221,-0.70061434609545903,-1.1169532789224328,-1.1075026982188001,-1.145069132636499,-1.0757365530232701,-1.1338398030804759,-1.062635274504492
2.1462925851703401,-0.69499113065589757,-1.1328090992162529,-1.124203627210135,-1.165398364957376,-1.0931722527611893,-1.1535612063837613,-1.0853674921794583
2.159919839679358,-0.69526191459272824,-1.1451623341144392,-1.1365282272324466,-1.1780567052437363,-1.1029338501376853,-1.1679582035789229,-1.0957453242793382
2.1735470941883763,-0.70137200441510172,-1.1522425887107208,-1.1468033959374968,-1.1876631613199962,-1.1059443208789395,-1.1796360024352244,-1.102699597922018
2.1871743486973942,-0.69417172244254821,-1.1559151012837647,-1.1515937700451713,-1.1907016137435111,-1.1062560886531028,-1.1828966797585123,-1.1043625746482526
2.2008016032064122,-0.68579783700233432,-1.1572286653327761,-1.153582016914581,-1.1923464086698385,-1.1085087136368739,-1.1859773137458567,-1.1089311818530412
2.2144288577154301,-0.69476068739519392,-1.1528218308344178,-1.1536057837854177,-1.1909076791018243,-1.1063181846276251,-1.1887593341735918,-1.106875087287523
2.2280561122244484,-0.68650569304827913,-1.1513715440188679,-1.150390666445269,-1.1893082138964997,-1.1037338932861547,-1.187575518516834,-1.1025199761908309
2.2416833667334664,-0.68186119817165469,-1.1442377226302836,-1.1419334139236974,-1.1837702716511633,-1.098691440058327,-1.1835401403613264,-1.0988321901527327
2.2553106212424843,-0.67437559731410956,-1.136420118669349,-1.1321142321170812,-1.1767915263298421,-1.0913112771671454,-1.1761199823961603,-1.0904330777103224
2.2689378757515026,-0.67843982448297169,-1.1255796603067578,-1.1234519831580441,-1.1669661343728241,-1.0832275335691408,-1.1668625410092899,-1.0821541646366244
2.2825651302605205,-0.67902637034435531,-1.1128555236098165,-1.1128926706663609,-1.1569601944611532,-1.0726851879280941,-1.1580825308948908,-1.0703508310347336
2.2961923847695385,-0.66950359632983836,-1.1029159641466089,-1.1045724941921262,-1.1484527681183343,-1.0641101590979258,-1.148916256872544,-1.0587146432551806
2.3098196392785564,-0.67623620064278256,-1.0902766747353692,-1.0922665081578466,-1.1393433797071346,-1.0528212155131051,-1.137035036257551,-1.0496915481323335
2.3234468937875747,-0.68487677536640001,-1.0794377438413822,-1.0804244892721324,-1.1281375048127207,-1.0405851538682762,-1.1265277502911337,-1.0407298622293057
2.3370741482965927,-0.70665853664408362,-1.0666848724959253,-1.0694252864205196,-1.1146338180036344,-1.0295780336230698,-1.1111668285391376,-1.0293302139474489
2.3507014028056106,-0.71325960193967131,-1.0561350241343979,-1.0560782247324592,-1.1013627726521908,-1.0141892729367328,-1.098567157498523,-1.0151458353233602
2.3643286573146285,-0.71097154095412363,-1.0424613448527662,-1.044896045312445,-1.0889691868894533,-0.99725784171849996,-1.0832452449340475,-0.99926192513700818
2.3779559118236469,-0.72142279973678969,-1.0276702514241551,-1.0300524068107979,-1.0706623213116728,-0.98365568876855092,-1.0692109826861007,-0.98492075425365755
2.3915831663326648,-0.72381450473026865,-1.0106241096397499,-1.0142024765870659,-1.0533257340645144,-0.9687728832293887,-1.0506011488780511,-0.96963012182372277
2.4052104208416827,-0.71667214722492012,-0.99359681865632166,-0.9952956577837313,-1.0359202011888433,-0.95167532520444198,-1.0388513566762785,-0.95256484608702863
2.418837675350701,-0.71808655730063775,-0.97717562482193876,-0.97582080155025963,-1.0186291389878588,-0.93627131586623935,-1.0207745586783357,-0.93745509947321393
2.432464929859719,-0.72442335500795141,-0.95795939875753189,-0.9572712891124141,-0.99512594252899056,-0.91998193414327056,-1.0016207999119893,-0.91846564848009826
2.4460921843687369,-0.73372753067539742,-0.93734507860330996,-0.93877527451724152,-0.97296944938458119,-0.90188491425535522,-0.97719331985322944,-0.89917675215097814
2.4597194388777548,-0.75114337271144827,-0.91489928192578507,-0.91629162326328739,-0.94741057433731712,-0.88336357926364462,-0.95252486508127587,-0.88051385131782856
2.4733466933867727,-0.74574282987796547,-0.8910555848395767,-0.89372168967983923,-0.92116536337075661,-0.86147307895566594,-0.92702543169092588,-0.85911793769880695
2.4869739478957911,-0.73553438390051773,-0.86570224516458416,-0.86675165740418969,-0.8896655537427246,-0.84005493225206229,-0.89639770259557905,-0.83662659163507336
2.500601202404809,-0.73100605832934562,-0.83615709033484809,-0.83842153721766777,-0.86189451066780409,-0.81445173750268784,-0.86470958696047284,-0.81448467398531932
2.5142284569138269,-0.71810976646375113,-0.8031895627871557,-0.80670696752962268,-0.83138854842984,-0.78511096825122495,-0.83179020950423177,-0.78646572966161787
2.5278557114228453,-0.70553000115201792,-0.77132491472787179,-0.77445563265890738,-0.79738955019234048,-0.74986477637772975,-0.79882241412360955,-0.75527928526340493
2.5414829659318632,-0.7004067187669154,-0.73484314863036637,-0.73845731545059201,-0.76077317313622328,-0.71365194997039194,-0.76230609619518541,-0.71720756995744495
2.5551102204408811,-0.7042836954118763,-0.69342895288022277,-0.6992161233720473,-0.71926730934721694,-0.67158152347862565,-0.72515921950321915,-0.67832258999326556
2.568737474949899,-0.69253654526923869,-0.64896934821949437,-0.6542343663110326,-0.67393916949328525,-0.62328629773217115,-0.68378656288455109,-0.62985696425797799
2.5823647294589174,-0.68501668151806516,-0.59448507783150784,-0.60467348072041172,-0.62322093670124579,-0.56726974074109937,-0.63500183006710231,-0.57447599762833179
2.5959919839679353,-0.67967036551133231,-0.53407284122895704,-0.54537024583183302,-0.5685132827824767,-0.50378135318203732,-0.57694278333736404,-0.51135591806166558
2.6096192384769532,-0.67373021206952544,-0.46390645757541327,-0.4780713060096658,-0.50295377146593512,-0.42561200570002145,-0.51660733257468439,-0.44298041294304064
2.6232464929859711,-0.65821900008517487,-0.38261513809434378,-0.39857786332859779,-0.42807136297082976,-0.33923115010228433,-0.44521837527277508,-0.36135288592641879
2.6368737474949895,-0.66012810207888095,-0.29216800154067263,-0.31218983820642987,-0.34272879801394834,-0.23949228627670954,-0.36182787052078724,-0.26345166409529686
2.6505010020040074,-0.65187567201258689,-0.18499867352204272,-0.21159504715999591,-0.24174491956230487,-0.12498718359777924,-0.26432774735370207,-0.15664307112622583
2.6641282565130253,-0.64787230669153817,-0.062123874397995701,-0.095007487334760166,-0.12745625464577398,-0.0070370614798038744,-0.15353517566745256,-0.035419950390125216
2.6777555110220432,-0.65273094306873269,0.074912714092040228,0.03716283801844289,-0.00047063436644320927,0.12896821746767501,-0.031833374022126715,0.10091464189560988
2.6913827655310616,-0.64679697194714147,0.22323646667039232,0.17995114736551721,0.14512503787375075,0.2795719578484161,0.10662288850484558,0.2512742257291159
2.7050100200400795,-0.63372038918211504,0.3851164944510348,0.33780561432403267,0.30542528784414746,0.44402904202702176,0.25688625787333808,0.41460999310695978
2.7186372745490974,-0.62726778759339408,0.56146556619351129,0.50617571592395627,0.48733136543271366,0.62713720271429851,0.41900376052066546,0.58230895511648351
2.7322645290581158,-0.62194460101582694,0.74413497408860707,0.6934357886200242,0.67936031285737719,0.81723053746376406,0.59521008397002362,0.76727848113014174
2.7458917835671337,-0.6167269730367857,0.93529147773381371,0.88021733417944215,0.86866715982039278,1.0119156572310437,0.7799125635722437,0.9556683627895094
2.7595190380761516,-0.62249591086847289,1.1260642195532728,1.0747429987115145,1.065627131956258,1.2016972506665811,0.97337633124249567,1.1508180617134034
2.7731462925851695,-0.6225615290588612,1.3157174860201741,1.2681422747240993,1.2573346796401057,1.3933121499094687,1.1693855751434301,1.34184316890963
2.7867735470941879,-0.64120578189796074,1.5031321251101901,1.4535526849883387,1.447169091731894,1.5594751102292415,1.3699698229387485,1.5228219608044167
2.8004008016032058,-0.65093025876712873,1.6704246314242486,1.6298229733548417,1.6178886128177155,1.7274282358001762,1.5600565556956523,1.6862850059361507
2.8140280561122237,-0.64313011942576148,1.824531155579447,1.7902772416757935,1.7783506404917535,1.872562184049082,1.735587717209379,1.8324690228714551
2.8276553106212421,-0.6400306914713485,1.9607552964174597,1.9281414236516983,1.9147969738142419,2.010342844434748,1.8887778006907148,1.9704703132563917
2.84128256513026,-0.63447718948905929,2.0806940012458268,2.0566763778193251,2.030143504753311,2.1291362465722452,2.0152546945634708,2.0893021550745874
2.8549098196392779,-0.64480929168850365,2.1782410191382837,2.1598328894927512,2.1315037291983918,2.2259861973786479,2.123789226395302,2.1922889336145199
2.8685370741482958,-0.65814560138440048,2.2615235185250002,2.2459847225228415,2.1979877228884503,2.2985110710338059,2.1977670577913035,2.280637516118055
2.8821643286573142,-0.66531193352995088,2.3129486173340523,2.3100894702941197,2.2400456342158201,2.3540106175907818,2.258299941353223,2.3457097026097564
2.8957915831663321,-0.65748405370122165,2.3475671597529937,2.3523637310420811,2.2591340662134698,2.3893172680193855,2.2789997731830764,2.389932560163416
2.90941883767535,-0.64612400757440158,2.3564920451266249,2.3773999532345069,2.2504622810688542,2.4070065357219015,2.2750825944434201,2.4118424282936965
2.923046092184368,-0.65022323859329201,2.3349972520242162,2.3779028477112636,2.2156778106759161,2.4019616305301694,2.2525073152192912,2.4152044656433831
2.9366733466933863,-0.65774935482805574,2.2873614442451666,2.3525552957966944,2.1668200285780896,2.3738786583968268,2.214390814027273,2.3987409878309047
2.9503006012024042,-0.66297996572073503,2.2266845555171795,2.3081641210830766,2.0962734620111876,2.3261206983874922,2.1544988243291616,2.358112378348622
2.9639278557114221,-0.66440293551465412,2.1400237127239956,2.2446111822407095,2.01441932241808,2.2630650454538488,2.0732070720820568,2.301187206815948
2.9775551102204401,-0.66006319894677667,2.0357159667462312,2.1580382653514314,1.9164099337550198,2.1820686041656083,1.9784800223774681,2.2235193465020577
2.9911823647294584,-0.65293746091314842,1.9172723911995071,2.0505154804939112,1.7982564886850798,2.0731415995038454,1.8677901309659981,2.1261532762514186
3.0048096192384763,-0.65449799168204548,1.7884882634889081,1.9233078046140795,1.6682371298429841,1.9416204570517921,1.7392535451806705,2.0129301943853153
3.0184368737474943,-0.65595126764981426,1.645268734154486,1.7701777858284022,1.5225772254525185,1.7747674269573446,1.6044020412679796,1.8824423605423821
3.0320641282565122,-0.65729304823685342,1.4888684085250112,1.616308163679109,1.3618829926992486,1.6384956944641786,1.4614592378578468,1.7348790238801612
3.0456913827655305,-0.65386621100231723,1.3217418895468502,1.4579591184236373,1.1950145393942941,1.4750190693704075,1.3081501914267881,1.5744119755269954
3.0593186372745484,-0.64581551479797428,1.1547345859120448,1.2968778138804158,1.039580654660025,1.2945130039032886,1.1470650638604942,1.4079156026327126
3.0729458917835664,-0.64321950012305307,0.97589596115350541,1.1227753692717606,0.85101969143145773,1.1054049446149929,0.97603948804307095,1.2309229644591242
3.0865731462925847,-0.63311433910956483,0.80334528583134279,0.93842619796303917,0.65888092625732098,0.93052173420354345,0.80987809171174918,1.0436275175498455
3.1002004008016026,-0.62287700504570664,0.61696180877903162,0.75160846752282928,0.46074237887821556,0.74800238478571268,0.62728429567910182,0.86187285718984197
3.1138276553106206,-0.61378979630524733,0.43198879792747952,0.56897976561925456,0.26328282717627183,0.57253302547072615,0.44260750316186809,0.67820679302956921
3.1274549098196385,-0.60569444827625052,0.2575401471004688,0.39167561491010644,0.07575277574032073,0.41236582860761495,0.27314743211359904,0.50521849757442117
3.1410821643286568,-0.60150522839644127,0.088034444569274894,0.21907192631229633,-0.10274438696261702,0.24268531555288919,0.10236766845940516,0.33437339243224828
3.1547094188376748,-0.58953312645111822,-0.071050041231005445,0.044201129616686818,-0.26805308706944997,0.095712362029705469,-0.05330175136784715,0.16991651472327202
3.1683366733466927,-0.58256242611315179,-0.22450785237783358,-0.12255440890017186,-0.41729515922720761,-0.061280279395026088,-0.21844576410354177,0.024271730216686348
3.1819639278557106,-0.58113272952126716,-0.37176041372771801,-0.28398501384323449,-0.55371681938843809,-0.20486021778851179,-0.37645408587196905,-0.12229419402148345
3.1955911823647289,-0.57616071572137029,-0.50206306230127307,-0.42770731142500518,-0.68568333309470386,-0.33503046944128001,-0.52419177793659677,-0.25801482271566212
3.2092184368737469,-0.57098114715617454,-0.62725793428778465,-0.55972118108420044,-0.80774596529909548,-0.4695225805488637,-0.66149943331691474,-0.38788266636112012
3.2228456913827648,-0.55988969511216713,-0.73836008388554286,-0.67463015871794674,-0.92885433159100828,-0.58472969217560644,-0.80053845152993208,-0.52302217964490771
3.2364729458917827,-0.55780916288944571,-0.84356255605072406,-0.77943891993195713,-1.0487995068578519,-0.69196114863862446,-0.92431048085807077,-0.64892335836635584
3.2501002004008011,-0.55665033377696516,-0.94121321695516047,-0.87647483140166904,-1.1574016310381716,-0.79143080113887576,-1.0424840221431859,-0.74529271400342167
3.263727454909819,-0.55096123295366972,-1.0447976629236293,-0.96811616254055843,-1.2753191766258416,-0.88105274788584387,-1.1453419601039647,-0.84219349911885488
3.2773547094188369,-0.54609262470448172,-1.1332057548948444,-1.0631968738988722,-1.3944296398424723,-0.95387514824765185,-1.2467574116925555,-0.91167699836314564
3.2909819639278552,-0.54524794268499299,-1.2145716804958173,-1.1521700046887027,-1.4881333718911876,-1.0205140930645611,-1.3359430789062383,-0.97970091046360597
3.3046092184368732,-0.54440344267611884,-1.2943056120516889,-1.2257550059090649,-1.5681439841902169,-1.0794438865003038,-1.4362925815533338,-1.0464176725896039
3.3182364729458911,-0.54625813172251114,-1.3623653392684951,-1.3074568964065181,-1.6466835651179659,-1.1308267043852052,-1.5302987802812051,-1.0926544997066496
3.331863727454909,-0.54619382464345823,-1.4183734450061207,-1.3657963818142185,-1.7289203144060163,-1.1717735733844878,-1.6132428707247637,-1.1421867127897407
3.3454909819639274,-0.54478036914168204,-1.4741794683870846,-1.4233359444675409,-1.8007240579975812,-1.2141601073160804,-1.700243132466901,-1.1960730057269802
3.3591182364729453,-0.54320732883409073,-1.5180374349431318,-1.4796604177727106,-1.8619535496296937,-1.2588092612060588,-1.7771924923092344,-1.2389020142268752
3.3727454909819632,-0.53666924247138559,-1.5639351362554286,-1.5310157711222456,-1.9306580844058643,-1.2945388559674611,-1.8473837212826822,-1.2815354925367994
3.3863727454909811,-0.53347973022261275,-1.6081590218492026,-1.5776480129816088,-1.9897603861861224,-1.3263985598679602,-1.9201108637737465,-1.3167756721143788
3.3999999999999999,-0.53029162892324488,-1.6486442301481015,-1.6182837112847179,-2.0692562610017387,-1.3554464598465732,-1.9854798825553066,-1.3631817655786045
